file,model,dataset,accuracy,precision_1,precision_2,precision_3,precision_4,precision_avg,recall_1,recall_2,recall_3,recall_4,recall_avg,f1_1,f1_2,f1_3,f1_4,f1_avg,auc_1,auc_2,auc_3,auc_4,auc_avg
clusters-4-v0.csv,Logistic Regression,train,1.0,1.0,1.0,1.0,1.0,1.0,1.0,1.0,1.0,1.0,1.0,1.0,1.0,1.0,1.0,1.0,1.0,1.0,1.0,1.0,1.0
clusters-4-v0.csv,Logistic Regression,test,1.0,1.0,1.0,1.0,1.0,1.0,1.0,1.0,1.0,1.0,1.0,1.0,1.0,1.0,1.0,1.0,1.0,1.0,1.0,1.0,1.0
clusters-4-v0.csv,SVC (linear),train,1.0,1.0,1.0,1.0,1.0,1.0,1.0,1.0,1.0,1.0,1.0,1.0,1.0,1.0,1.0,1.0,1.0,1.0,1.0,1.0,1.0
clusters-4-v0.csv,SVC (linear),test,1.0,1.0,1.0,1.0,1.0,1.0,1.0,1.0,1.0,1.0,1.0,1.0,1.0,1.0,1.0,1.0,1.0,1.0,1.0,1.0,1.0
clusters-4-v0.csv,SVC (rbf),train,1.0,1.0,1.0,1.0,1.0,1.0,1.0,1.0,1.0,1.0,1.0,1.0,1.0,1.0,1.0,1.0,1.0,1.0,1.0,1.0,1.0
clusters-4-v0.csv,SVC (rbf),test,1.0,1.0,1.0,1.0,1.0,1.0,1.0,1.0,1.0,1.0,1.0,1.0,1.0,1.0,1.0,1.0,1.0,1.0,1.0,1.0,1.0
clusters-4-v0.csv,Random Forest Classifier (1),train,1.0,1.0,1.0,1.0,1.0,1.0,1.0,1.0,1.0,1.0,1.0,1.0,1.0,1.0,1.0,1.0,1.0,1.0,1.0,1.0,1.0
clusters-4-v0.csv,Random Forest Classifier (1),test,1.0,1.0,1.0,1.0,1.0,1.0,1.0,1.0,1.0,1.0,1.0,1.0,1.0,1.0,1.0,1.0,1.0,1.0,1.0,1.0,1.0
clusters-4-v0.csv,Random Forest Classifier (3),train,1.0,1.0,1.0,1.0,1.0,1.0,1.0,1.0,1.0,1.0,1.0,1.0,1.0,1.0,1.0,1.0,1.0,1.0,1.0,1.0,1.0
clusters-4-v0.csv,Random Forest Classifier (3),test,1.0,1.0,1.0,1.0,1.0,1.0,1.0,1.0,1.0,1.0,1.0,1.0,1.0,1.0,1.0,1.0,1.0,1.0,1.0,1.0,1.0
clusters-4-v0.csv,Random Forest Classifier (5),train,1.0,1.0,1.0,1.0,1.0,1.0,1.0,1.0,1.0,1.0,1.0,1.0,1.0,1.0,1.0,1.0,1.0,1.0,0.9999999999999999,1.0,1.0
clusters-4-v0.csv,Random Forest Classifier (5),test,1.0,1.0,1.0,1.0,1.0,1.0,1.0,1.0,1.0,1.0,1.0,1.0,1.0,1.0,1.0,1.0,1.0,1.0,1.0,1.0,1.0
clusters-4-v0.csv,Neural Network Classifier (5),train,0.9921875,0.9965753424657534,1.0,0.9929328621908127,0.9795918367346939,0.9922750103478151,0.9965753424657534,0.9929824561403509,0.9825174825174825,0.9965397923875432,0.9921537683777826,0.9965753424657534,0.9964788732394366,0.9876977152899824,0.9879931389365352,0.9921862674829268,0.9999283211213763,0.9999635767619741,0.996374295450508,0.999907781257142,0.9990434936477501
clusters-4-v0.csv,Neural Network Classifier (5),test,0.9965277777777778,1.0,1.0,1.0,0.9861111111111112,0.9965277777777778,1.0,1.0,0.9864864864864865,1.0,0.9966216216216216,1.0,1.0,0.9931972789115646,0.993006993006993,0.9965510679796393,1.0,1.0,0.9957691336196008,0.9999350944375933,0.9989260570142986
clusters-4-v0.csv,"Neural Network Classifier (5,5)",train,0.9956597222222222,1.0,1.0,0.9964664310954063,0.9863013698630136,0.995691950239605,1.0,1.0,0.986013986013986,0.9965397923875432,0.9956384446003823,1.0,1.0,0.9912126537785588,0.9913941480206541,0.9956517004498032,1.0,1.0,0.9999313619405998,0.9999478763627324,0.999969809575833
clusters-4-v0.csv,"Neural Network Classifier (5,5)",test,0.9965277777777778,1.0,1.0,1.0,0.9861111111111112,0.9965277777777778,1.0,1.0,0.9864864864864865,1.0,0.9966216216216216,1.0,1.0,0.9931972789115646,0.993006993006993,0.9965510679796393,1.0,1.0,0.9999368527405911,1.0,0.9999842131851477
clusters-4-v0.csv,"Neural Network Classifier (5,5,5)",train,0.9965277777777778,1.0,1.0,0.9964788732394366,0.9896907216494846,0.9965423987222303,1.0,1.0,0.9895104895104895,0.9965397923875432,0.9965125704745081,1.0,1.0,0.9929824561403509,0.993103448275862,0.9965214761040533,1.0,1.0,0.9999798123354705,0.9999799524472048,0.9999899411956689
clusters-4-v0.csv,"Neural Network Classifier (5,5,5)",test,0.9965277777777778,1.0,1.0,1.0,0.9861111111111112,0.9965277777777778,1.0,1.0,0.9864864864864865,1.0,0.9966216216216216,1.0,1.0,0.9931972789115646,0.993006993006993,0.9965510679796393,1.0,1.0,1.0,1.0,1.0
clusters-4-v0.csv,Neural Network Classifier (10),train,0.9947916666666666,1.0,1.0,0.9964539007092199,0.9829351535836177,0.9948472635732094,1.0,1.0,0.9825174825174825,0.9965397923875432,0.9947643187262565,1.0,1.0,0.9894366197183099,0.9896907216494846,0.9947818353419486,1.0,1.0,0.9999111742760703,0.9999398573416143,0.9999627579044212
clusters-4-v0.csv,Neural Network Classifier (10),test,0.9965277777777778,1.0,1.0,1.0,0.9861111111111112,0.9965277777777778,1.0,1.0,0.9864864864864865,1.0,0.9966216216216216,1.0,1.0,0.9931972789115646,0.993006993006993,0.9965510679796393,1.0,1.0,0.9999368527405911,0.9999350944375933,0.9999679867945461
clusters-4-v1.csv,Logistic Regression,train,0.9513888888888888,0.952054794520548,0.9469964664310954,0.9372822299651568,0.9689655172413794,0.9513247520395449,0.952054794520548,0.9403508771929825,0.9405594405594405,0.972318339100346,0.9513208628433293,0.952054794520548,0.9436619718309859,0.9389179755671903,0.9706390328151986,0.9513184436834807,0.9959620898375279,0.9954997065905826,0.9922560118864968,0.9972214091825811,0.9952348043742971
clusters-4-v1.csv,Logistic Regression,test,0.9548611111111112,0.9710144927536232,0.9722222222222222,0.9333333333333333,0.9444444444444444,0.9552536231884059,0.9852941176470589,0.9333333333333333,0.9459459459459459,0.9577464788732394,0.9555799689498944,0.9781021897810219,0.9523809523809523,0.9395973154362416,0.951048951048951,0.9552823521617917,0.9995989304812835,0.9975586854460095,0.9977898459206871,0.9983773609398325,0.9983312056969531
clusters-4-v1.csv,SVC (linear),train,0.9539930555555556,0.9556313993174061,0.950530035335689,0.9405594405594405,0.9689655172413794,0.9539215981134788,0.958904109589041,0.9438596491228071,0.9405594405594405,0.972318339100346,0.9539103845929087,0.9572649572649573,0.9471830985915493,0.9405594405594405,0.9706390328151986,0.9539116323077863,0.9957151959222681,0.9955037536170299,0.9923084998142735,0.9972695233092896,0.9951992431657153
clusters-4-v1.csv,SVC (linear),test,0.9548611111111112,0.9710144927536232,0.9722222222222222,0.9333333333333333,0.9444444444444444,0.9552536231884059,0.9852941176470589,0.9333333333333333,0.9459459459459459,0.9577464788732394,0.9555799689498944,0.9781021897810219,0.9523809523809523,0.9395973154362416,0.951048951048951,0.9552823521617917,0.9994652406417113,0.9978090766823161,0.9974741096236424,0.9983124553774259,0.9982652205812739
clusters-4-v1.csv,SVC (rbf),train,0.9496527777777778,0.9583333333333334,0.9442508710801394,0.9246575342465754,0.9719298245614035,0.9497928908053629,0.9452054794520548,0.9508771929824561,0.9440559440559441,0.9584775086505191,0.9496540312852435,0.9517241379310345,0.9475524475524476,0.9342560553633218,0.9651567944250871,0.9496723588179727,0.9967346288626951,0.9955280357757139,0.9919814596488961,0.9970249431651879,0.9953172668631233
clusters-4-v1.csv,SVC (rbf),test,0.9583333333333334,0.9571428571428572,0.9594594594594594,0.935064935064935,0.9850746268656716,0.9591854696332307,0.9852941176470589,0.9466666666666667,0.972972972972973,0.9295774647887324,0.9586278055188578,0.9710144927536232,0.9530201342281879,0.9536423841059603,0.9565217391304348,0.9585496875545516,0.9995320855614974,0.9969327073552425,0.9975372568830513,0.9982475498150192,0.9980623999037026
clusters-4-v1.csv,Random Forest Classifier (1),train,1.0,1.0,1.0,1.0,1.0,1.0,1.0,1.0,1.0,1.0,1.0,1.0,1.0,1.0,1.0,1.0,1.0,0.9999999999999999,0.9999999999999999,1.0,1.0
clusters-4-v1.csv,Random Forest Classifier (1),test,0.9375,0.9166666666666666,0.9571428571428572,0.9324324324324325,0.9444444444444444,0.9376716001716001,0.9705882352941176,0.8933333333333333,0.9324324324324325,0.9577464788732394,0.9385251199832807,0.9428571428571428,0.9241379310344827,0.9324324324324325,0.951048951048951,0.9376191143432522,0.9988302139037433,0.9895461658841941,0.995042940136398,0.9976958525345623,0.9952787931147244
clusters-4-v1.csv,Random Forest Classifier (3),train,0.9661458333333334,0.9757785467128027,0.958041958041958,0.9547038327526133,0.9758620689655172,0.9660966016182228,0.9657534246575342,0.9614035087719298,0.958041958041958,0.9792387543252595,0.9661094114491704,0.9707401032702238,0.9597197898423818,0.956369982547993,0.9775474956822107,0.9660943428357024,0.9992991398534565,0.9987858920658046,0.9981831101923481,0.9995108397117964,0.9989447454558514
clusters-4-v1.csv,Random Forest Classifier (3),test,0.9513888888888888,0.9571428571428572,0.971830985915493,0.9333333333333333,0.9444444444444444,0.9516879052090321,0.9852941176470589,0.92,0.9459459459459459,0.9577464788732394,0.9522466356165611,0.9710144927536232,0.9452054794520548,0.9395973154362416,0.951048951048951,0.9517165596727177,0.9992647058823529,0.9916118935837246,0.9970952260671886,0.9984747192834426,0.9966116362041771
clusters-4-v1.csv,Random Forest Classifier (5),train,0.9592013888888888,0.9688581314878892,0.9507042253521126,0.9448275862068966,0.972318339100346,0.9591770705368111,0.958904109589041,0.9473684210526315,0.958041958041958,0.972318339100346,0.9591582069459942,0.963855421686747,0.9490333919156415,0.9513888888888888,0.972318339100346,0.9591490103979058,0.9987695125836253,0.9978834051680527,0.9972544776239927,0.9991620122931593,0.9982673519172076
clusters-4-v1.csv,Random Forest Classifier (5),test,0.9548611111111112,0.9710144927536232,0.958904109589041,0.9466666666666667,0.9436619718309859,0.9550618102100792,0.9852941176470589,0.9333333333333333,0.9594594594594594,0.9436619718309859,0.9554372205677094,0.9781021897810219,0.9459459459459459,0.9530201342281879,0.9436619718309859,0.9551825604465354,0.9987967914438503,0.9917996870109547,0.9965269007325082,0.9982475498150191,0.996342732250583
clusters-4-v1.csv,Neural Network Classifier (5),train,0.9305555555555556,0.9556313993174061,0.955719557195572,0.9442379182156134,0.8746081504702194,0.9325492562997029,0.958904109589041,0.9087719298245615,0.8881118881118881,0.9653979238754326,0.9302964628502308,0.9572649572649573,0.9316546762589928,0.9153153153153153,0.9177631578947368,0.9304995266835006,0.9960337687161516,0.9937028268479735,0.990176682439962,0.9933041173663931,0.9933043488426201
clusters-4-v1.csv,Neural Network Classifier (5),test,0.9409722222222222,0.9571428571428572,0.9857142857142858,0.9315068493150684,0.8933333333333333,0.9419243313763863,0.9852941176470589,0.92,0.918918918918919,0.9436619718309859,0.9419687520992409,0.9710144927536232,0.9517241379310345,0.9251700680272109,0.9178082191780822,0.9414292294724877,0.9995989304812833,0.9956181533646322,0.9929906542056075,0.9927305770104498,0.9952345787654933
clusters-4-v1.csv,"Neural Network Classifier (5,5)",train,0.9288194444444444,0.9491525423728814,0.9363957597173145,0.9423076923076923,0.89171974522293,0.9298939349052044,0.958904109589041,0.9298245614035088,0.8566433566433567,0.9688581314878892,0.9285575397809489,0.9540034071550255,0.9330985915492958,0.8974358974358975,0.9286898839137645,0.9283069450134958,0.9901003504300732,0.9898460106436795,0.9671950451396181,0.9846716411327668,0.9829532618365344
clusters-4-v1.csv,"Neural Network Classifier (5,5)",test,0.9270833333333334,0.9710144927536232,0.971830985915493,0.9411764705882353,0.8375,0.9303804873143379,0.9852941176470589,0.92,0.8648648648648649,0.9436619718309859,0.9284552385857274,0.9781021897810219,0.9452054794520548,0.9014084507042254,0.8874172185430463,0.9280333346200872,0.9996657754010696,0.9954303599374021,0.9813715584743622,0.9771532420328422,0.988405233961419
clusters-4-v1.csv,"Neural Network Classifier (5,5,5)",train,0.9435763888888888,0.9523809523809523,0.9464285714285714,0.9198606271777003,0.9553264604810997,0.943499152867081,0.958904109589041,0.9298245614035088,0.9230769230769231,0.9619377162629758,0.9434358275831123,0.9556313993174061,0.9380530973451328,0.9214659685863874,0.9586206896551724,0.9434427887260247,0.9961651799936285,0.9942410813654667,0.9911335777386586,0.9949239596322477,0.9941159496825005
clusters-4-v1.csv,"Neural Network Classifier (5,5,5)",test,0.9548611111111112,0.9710144927536232,0.9857142857142858,0.9342105263157895,0.9315068493150684,0.9556115385246917,0.9852941176470589,0.92,0.9594594594594594,0.9577464788732394,0.9556250139949395,0.9781021897810219,0.9517241379310345,0.9466666666666667,0.9444444444444444,0.955234359705792,0.9995989304812835,0.9964945226917058,0.9969689315483709,0.9968845330044784,0.9974867294314597
clusters-4-v1.csv,Neural Network Classifier (10),train,0.9435763888888888,0.9455782312925171,0.9275862068965517,0.9424460431654677,0.9586206896551724,0.9435577927524271,0.952054794520548,0.9438596491228071,0.916083916083916,0.9619377162629758,0.9434840189975617,0.9488054607508533,0.9356521739130435,0.9290780141843972,0.9602763385146805,0.9434529968407437,0.995412551768079,0.9952326028450597,0.9867811172661057,0.9968525342111488,0.9935697015225983
clusters-4-v1.csv,Neural Network Classifier (10),test,0.9444444444444444,0.9436619718309859,0.9722222222222222,0.9436619718309859,0.918918918918919,0.9446162712007782,0.9852941176470589,0.9333333333333333,0.9054054054054054,0.9577464788732394,0.9454448338147593,0.9640287769784173,0.9523809523809523,0.9241379310344827,0.9379310344827586,0.9446196737191528,0.9996657754010695,0.9958059467918623,0.9965900479919172,0.9969494385668852,0.9972528021879336
clusters-4-v2.csv,Logistic Regression,train,0.8637152777777778,0.8596491228070176,0.7943262411347518,0.8419243986254296,0.95578231292517,0.8629205188730922,0.839041095890411,0.7859649122807018,0.8566433566433567,0.972318339100346,0.8634919259787038,0.8492201039861352,0.7901234567901234,0.8492201039861352,0.9639794168096055,0.8631357703929998,0.9713921631092705,0.9466278152127723,0.960730954957283,0.9971372094608411,0.9689720356850416
clusters-4-v2.csv,Logistic Regression,test,0.8611111111111112,0.8051948051948052,0.8813559322033898,0.8148148148148148,0.9577464788732394,0.8647780077715623,0.9117647058823529,0.6933333333333334,0.8918918918918919,0.9577464788732394,0.8636841024952043,0.8551724137931035,0.7761194029850746,0.8516129032258064,0.9577464788732394,0.860162799719306,0.9794117647058823,0.9573708920187793,0.9753094215711038,0.9992860388135263,0.977844529277323
clusters-4-v2.csv,SVC (linear),train,0.8645833333333334,0.8687943262411347,0.7985865724381626,0.8361774744027304,0.9523809523809523,0.863984831365745,0.839041095890411,0.7929824561403509,0.8566433566433567,0.9688581314878892,0.8643812600405019,0.8536585365853658,0.795774647887324,0.846286701208981,0.9605488850771869,0.8640671926897143,0.9711492513539344,0.9462716768854085,0.960799593016683,0.9970289526757469,0.9688123684829432
clusters-4-v2.csv,SVC (linear),test,0.8645833333333334,0.8133333333333334,0.8813559322033898,0.8192771084337349,0.9577464788732394,0.8679282132109244,0.8970588235294118,0.6933333333333334,0.918918918918919,0.9577464788732394,0.8667643886637258,0.8531468531468531,0.7761194029850746,0.8662420382165605,0.9577464788732394,0.863313693305432,0.9790775401069519,0.956056338028169,0.9761934832028291,0.9991562276887129,0.9776208972566658
clusters-4-v2.csv,SVC (rbf),train,0.8645833333333334,0.875,0.8100358422939068,0.8211920529801324,0.9518900343642611,0.8645294824095751,0.839041095890411,0.7929824561403509,0.8671328671328671,0.9584775086505191,0.8644084819535369,0.8566433566433567,0.8014184397163121,0.8435374149659864,0.9551724137931035,0.8641929062796897,0.9724155782096209,0.9462473947267245,0.9602060756795167,0.9964876687502757,0.9688391793415344
clusters-4-v2.csv,SVC (rbf),test,0.8715277777777778,0.8309859154929577,0.8852459016393442,0.8045977011494253,0.9855072463768116,0.8765841911646347,0.8676470588235294,0.72,0.9459459459459459,0.9577464788732394,0.8728348709106787,0.8489208633093526,0.7941176470588235,0.8695652173913043,0.9714285714285714,0.8710080747970129,0.9789438502673797,0.9596870109546166,0.9776458701692348,0.9989615110014929,0.978809560598181
clusters-4-v2.csv,Random Forest Classifier (1),train,1.0,1.0,1.0,1.0,1.0,1.0,1.0,1.0,1.0,1.0,1.0,1.0,1.0,1.0,1.0,1.0,1.0,1.0,1.0,1.0,1.0
clusters-4-v2.csv,Random Forest Classifier (1),test,0.8333333333333334,0.7792207792207793,0.8363636363636363,0.8125,0.9078947368421053,0.8339947881066302,0.8823529411764706,0.6133333333333333,0.8783783783783784,0.971830985915493,0.8364739097009188,0.8275862068965517,0.7076923076923077,0.8441558441558441,0.9387755102040817,0.8295524672371963,0.969418449197861,0.9120500782472614,0.9653005809547865,0.9977607580969688,0.9611324666242194
clusters-4-v2.csv,Random Forest Classifier (3),train,0.9166666666666666,0.9298245614035088,0.8754325259515571,0.8888888888888888,0.9724137931034482,0.9166399423368508,0.9075342465753424,0.887719298245614,0.8951048951048951,0.9757785467128027,0.9165342466596635,0.9185441941074524,0.8815331010452961,0.89198606271777,0.9740932642487047,0.9165391555298057,0.9941103854730806,0.9881867298002793,0.9918239958655662,0.9994266399900564,0.9933869377822457
clusters-4-v2.csv,Random Forest Classifier (3),test,0.8541666666666666,0.8026315789473685,0.864406779661017,0.8227848101265823,0.9324324324324325,0.85556390029185,0.8970588235294118,0.68,0.8783783783783784,0.971830985915493,0.8568170469558208,0.8472222222222222,0.7611940298507462,0.8496732026143791,0.9517241379310345,0.8524533981545955,0.9704545454545455,0.9257276995305164,0.9701629199292751,0.9981177386902057,0.9661157259011356
clusters-4-v2.csv,Random Forest Classifier (5),train,0.8914930555555556,0.8854166666666666,0.8385964912280702,0.8719723183391004,0.9689655172413794,0.8912377483688041,0.8732876712328768,0.8385964912280702,0.8811188811188811,0.972318339100346,0.8913303456700435,0.8793103448275862,0.8385964912280702,0.8765217391304347,0.9706390328151986,0.8912669020003225,0.9888300414144632,0.9806754487140573,0.9864984899626932,0.9991018696347737,0.9887764624314967
clusters-4-v2.csv,Random Forest Classifier (5),test,0.8576388888888888,0.8108108108108109,0.8813559322033898,0.8148148148148148,0.9324324324324325,0.859853497565362,0.8823529411764706,0.6933333333333334,0.8918918918918919,0.971830985915493,0.8598522880792971,0.8450704225352113,0.7761194029850746,0.8516129032258064,0.9517241379310345,0.8561317166692818,0.9734625668449197,0.9332707355242567,0.9720889113412478,0.9985071720646459,0.9693323464437675
clusters-4-v2.csv,Neural Network Classifier (5),train,0.8211805555555556,0.8671586715867159,0.7906976744186046,0.7898305084745763,0.8353658536585366,0.8207631770346083,0.8047945205479452,0.7157894736842105,0.8146853146853147,0.9480968858131488,0.8208415486826548,0.8348134991119005,0.7513812154696132,0.802065404475043,0.8881685575364667,0.8191071691482559,0.9707311245619625,0.9314636071146726,0.9480894394289314,0.9884285525265931,0.9596781809080399
clusters-4-v2.csv,Neural Network Classifier (5),test,0.7916666666666666,0.8181818181818182,0.8846153846153846,0.7560975609756098,0.75,0.8022236909432032,0.7941176470588235,0.6133333333333333,0.8378378378378378,0.9295774647887324,0.7937165707546817,0.8059701492537313,0.7244094488188977,0.7948717948717948,0.8301886792452831,0.7888600180474268,0.9769385026737969,0.940907668231612,0.9429780247537257,0.9829947426494451,0.960954734577145
clusters-4-v2.csv,"Neural Network Classifier (5,5)",train,0.8211805555555556,0.8529411764705882,0.7657342657342657,0.8065693430656934,0.85625,0.8203736963176369,0.7945205479452054,0.7684210526315789,0.7727272727272727,0.9480968858131488,0.8209414397793013,0.8226950354609929,0.7670753064798599,0.7892857142857143,0.8998357963875205,0.8197229631535219,0.9648614208346606,0.9296120925150246,0.9465006702304624,0.9907941637564303,0.9579420868341445
clusters-4-v2.csv,"Neural Network Classifier (5,5)",test,0.8055555555555556,0.8181818181818182,0.8307692307692308,0.7866666666666666,0.7926829268292683,0.8070751606117461,0.7941176470588235,0.72,0.7972972972972973,0.9154929577464789,0.80672697552565,0.8059701492537313,0.7714285714285715,0.7919463087248322,0.8496732026143791,0.8047545580053785,0.9614639037433155,0.927699530516432,0.9455986360191968,0.9868241708314403,0.955396560277596
clusters-4-v2.csv,"Neural Network Classifier (5,5,5)",train,0.8394097222222222,0.9121338912133892,0.7816901408450704,0.7597597597597597,0.9256756756756757,0.8448148668734738,0.7465753424657534,0.7789473684210526,0.8846153846153846,0.9480968858131488,0.8395587453288348,0.8210922787193974,0.7803163444639719,0.8174474959612278,0.9367521367521368,0.8389020639741835,0.9639813634915579,0.9384002104453751,0.9510812513121982,0.9954051008993332,0.9622169815371162
clusters-4-v2.csv,"Neural Network Classifier (5,5,5)",test,0.8263888888888888,0.9230769230769231,0.8,0.7311827956989247,0.9041095890410958,0.839592326954236,0.7058823529411765,0.7466666666666667,0.918918918918919,0.9295774647887324,0.8252613508288736,0.8,0.7724137931034483,0.8143712574850299,0.9166666666666666,0.8258629293137861,0.9707887700534759,0.9336463223787168,0.9534604698156101,0.995261893944311,0.9632893640480285
clusters-4-v2.csv,Neural Network Classifier (10),train,0.8289930555555556,0.8937007874015748,0.7816901408450704,0.7759197324414716,0.8698412698412699,0.8302879826323466,0.7773972602739726,0.7789473684210526,0.8111888111888111,0.9480968858131488,0.8289075814242463,0.8315018315018315,0.7803163444639719,0.7931623931623931,0.9072847682119205,0.8280663343350293,0.9700939789741956,0.9389587000951052,0.9538711865501703,0.9900042901762981,0.9632320389489423
clusters-4-v2.csv,Neural Network Classifier (10),test,0.8159722222222222,0.8983050847457628,0.835820895522388,0.7625,0.7926829268292683,0.8223272267743549,0.7794117647058824,0.7466666666666667,0.8243243243243243,0.9154929577464789,0.8164739283608381,0.8346456692913385,0.7887323943661971,0.7922077922077922,0.8496732026143791,0.8163147646199268,0.9737967914438502,0.9431611893583726,0.9483455418034858,0.980658142402804,0.9614904162521283
